Event,Site,Date,Round,White,Black,Result,WhiteElo,BlackElo,TimeControl,EndTime,Termination,first_move,number_of_moves,white_time_taken,black_time_taken,GameResult
Live Chess,Chess.com,2023-01-28,-,22roee22,chandurohitheee,0-1,1128,1268,600,16:12:13 PST,chandurohitheee won by resignation,e4-e5,33,00:05:26,00:03:04,won
Live Chess,Chess.com,2023-01-28,-,PrinterGoBrrrr,chandurohitheee,0-1,1333,1262,600,15:58:41 PST,chandurohitheee won by resignation,d4-Nc6,19,00:02:13,00:01:44,won
Live Chess,Chess.com,2023-01-28,-,chandurohitheee,sergo190281,0-1,1252,1275,600,15:39:58 PST,sergo190281 won by resignation,e4-e5,20,00:03:32,00:03:34,loss
Live Chess,Chess.com,2023-01-28,-,chandurohitheee,khalid7780,1-0,1260,1207,600,15:31:35 PST,chandurohitheee won on time,e4-e5,39,00:03:15,00:09:58,won
Live Chess,Chess.com,2023-01-28,-,chandurohitheee,shapolo,0-1,1253,1189,600,15:17:43 PST,shapolo won by resignation,e4-e6,31,00:02:08,00:02:07,loss
Live Chess,Chess.com,2023-01-28,-,chandurohitheee,blackshadow00,0-1,1263,1199,600,15:11:34 PST,blackshadow00 won by resignation,e4-e5,26,00:02:13,00:01:23,loss
Live Chess,Chess.com,2023-01-28,-,chandurohitheee,Checycles,1-0,1273,1237,600,15:07:27 PST,chandurohitheee won by checkmate,e4-Nc6,8,00:00:57,00:00:26,won
Live Chess,Chess.com,2023-01-28,-,basheir703,chandurohitheee,1-0,1250,1265,600,15:05:31 PST,basheir703 won by resignation,e4-e5,37,00:02:13,00:01:34,loss
Live Chess,Chess.com,2023-01-28,-,chandurohitheee,amiryp99,1-0,1274,1285,600,13:40:21 PST,chandurohitheee won by checkmate,e4-e5,26,00:04:50,00:04:45,won
Live Chess,Chess.com,2023-01-28,-,sagar_kr_3409,chandurohitheee,0-1,1144,1265,600,12:40:39 PST,chandurohitheee won by checkmate,e4-e5,28,00:03:00,00:02:58,won
Live Chess,Chess.com,2023-01-27,-,chandurohitheee,arash22Oo,1-0,1258,1267,600,8:21:52 PST,chandurohitheee won by resignation,e4-e5,6,00:00:22,00:00:38,won
Live Chess,Chess.com,2023-01-27,-,mtixn,chandurohitheee,0-1,1168,1249,600,4:36:59 PST,chandurohitheee won by checkmate,d4-d5,34,00:05:01,00:04:00,won
Live Chess,Chess.com,2023-01-27,-,Chomo68,chandurohitheee,0-1,1220,1243,600,4:19:03 PST,chandurohitheee won by resignation,e4-e5,37,00:05:57,00:08:31,won
Live Chess,Chess.com,2023-01-27,-,SkillxIssues,chandurohitheee,0-1,1205,1235,600,4:03:46 PST,chandurohitheee won by resignation,d4-d5,4,00:00:18,00:00:34,won
Live Chess,Chess.com,2023-01-27,-,chandurohitheee,MomSkuy,0-1,1227,1188,600,16:07:47 PST,MomSkuy won by checkmate,e4-e5,31,00:03:55,00:02:54,loss
Live Chess,Chess.com,2023-01-27,-,megamer4u,chandurohitheee,1-0,1294,1236,600,15:27:55 PST,megamer4u won by resignation,d4-d5,19,00:05:22,00:02:36,loss
Live Chess,Chess.com,2023-01-27,-,chandurohitheee,LosMuchos,1-0,1243,1305,600,15:13:38 PST,chandurohitheee won by resignation,e4-e5,31,00:07:33,00:05:18,won
Live Chess,Chess.com,2023-01-27,-,chandurohitheee,DanielSanvicente3,1-0,1233,1249,600,15:00:01 PST,chandurohitheee won by resignation,e4-e5,45,00:08:02,00:05:21,won
Live Chess,Chess.com,2023-01-27,-,chandurohitheee,FlameMonster,1-0,1224,1138,600,14:45:31 PST,chandurohitheee won - game abandoned,e4-e5,12,00:00:58,00:00:42,won
Live Chess,Chess.com,2023-01-27,-,chandurohitheee,lelushpetush,1-0,1217,1185,600,12:21:10 PST,chandurohitheee won by checkmate,e4-e5,38,00:06:07,00:07:52,won
Live Chess,Chess.com,2023-01-27,-,term9,chandurohitheee,0-1,1221,1209,600,12:06:21 PST,chandurohitheee won by resignation,d4-Nc6,1,00:00,00:00:01,won
Live Chess,Chess.com,2023-01-27,-,chandurohitheee,eveningsquire,0-1,1200,1264,600,12:06:11 PST,eveningsquire won by checkmate,e4-d5,45,00:07:52,00:06:26,loss
Live Chess,Chess.com,2023-01-27,-,ssr_07,chandurohitheee,0-1,1257,1207,600,11:50:35 PST,chandurohitheee won by checkmate,e4-e5,21,00:02:22,00:02:02,won
Live Chess,Chess.com,2023-01-26,-,Hystob04,chandurohitheee,1-0,1167,1197,600,23:00:55 PST,Hystob04 won on time,e4-e5,12,00:00:38,00:05:27,loss
Live Chess,Chess.com,2023-01-26,-,chandurohitheee,Sengarz,1-0,1206,1171,600,22:49:47 PST,chandurohitheee won - game abandoned,e4-e5,10,00:00:34,00:01:35,won
Live Chess,Chess.com,2023-01-26,-,Taipan1980,chandurohitheee,1-0,1188,1198,600,18:11:10 PST,Taipan1980 won by checkmate,e4-e5,47,00:04:20,00:03:41,loss
Live Chess,Chess.com,2023-01-26,-,yennguyen905,chandurohitheee,0-1,1214,1207,600,18:02:05 PST,chandurohitheee won by checkmate,e4-e5,25,00:02:07,00:03:39,won
Live Chess,Chess.com,2023-01-26,-,chandurohitheee,loveskdncdih,1-0,1198,1150,600,17:33:51 PST,chandurohitheee won by resignation,e4-c5,17,00:04:19,00:01:22,won
Live Chess,Chess.com,2023-01-26,-,chandurohitheee,chriskoegl,0-1,1191,1180,600,17:17:06 PST,chriskoegl won by resignation,e4-e5,32,00:03:15,00:03:51,loss
Live Chess,Chess.com,2023-01-26,-,chandurohitheee,ppfish78,1-0,1200,1132,600,17:04:36 PST,chandurohitheee won by resignation,e4-e5,39,00:04:26,00:06:55,won
Live Chess,Chess.com,2023-01-26,-,MARXC972,chandurohitheee,1-0,1271,1193,600,16:52:34 PST,MARXC972 won by resignation,e4-e5,54,00:05:22,00:04:58,loss
Live Chess,Chess.com,2023-01-26,-,MagalhaesChess77,chandurohitheee,1-0,1312,1200,600,16:41:03 PST,MagalhaesChess77 won by resignation,e4-e5,48,00:02:29,00:04:36,loss
Live Chess,Chess.com,2023-01-26,-,chandurohitheee,Dj_is_bad_at_chess,1-0,1206,1154,600,16:32:56 PST,chandurohitheee won by resignation,e4-c6,2,00:00:07,00:00:40,won
Live Chess,Chess.com,2023-01-25,-,chandurohitheee,feliz2a,1-0,1198,1167,600,17:45:49 PST,chandurohitheee won by resignation,e4-Nc6,43,00:07:29,00:04:01,won
Live Chess,Chess.com,2023-01-25,-,Hecc123,chandurohitheee,1-0,1178,1190,600,17:18:28 PST,Hecc123 won by checkmate,Nf3-e5,27,00:03:35,00:03:56,loss
Live Chess,Chess.com,2023-01-25,-,Lamelaa,chandurohitheee,0-1,1095,1199,600,17:10:25 PST,chandurohitheee won by checkmate,e4-e5,8,00:00:31,00:00:47,won
Live Chess,Chess.com,2023-01-25,-,rooksoda,chandurohitheee,0-1,1151,1193,600,17:08:48 PST,chandurohitheee won by checkmate,e4-e5,21,00:03:47,00:04:25,won
Live Chess,Chess.com,2023-01-25,-,chandurohitheee,Aderalis,0-1,1186,1238,600,16:01:26 PST,Aderalis won by resignation,e4-e5,15,00:02:10,00:01:23,loss
Live Chess,Chess.com,2023-01-25,-,Rosario1962,chandurohitheee,1-0,1257,1194,600,15:57:32 PST,Rosario1962 won by checkmate,e4-e5,55,00:04:03,00:03:24,loss
Live Chess,Chess.com,2023-01-25,-,chandurohitheee,bielsouto1,1-0,1201,1173,600,13:52:22 PST,chandurohitheee won by resignation,e4-c5,13,00:01:00,00:00:53,won
Live Chess,Chess.com,2023-01-25,-,Caloooy,chandurohitheee,0-1,1262,1193,600,13:49:46 PST,chandurohitheee won by resignation,d4-Nc6,53,00:05:03,00:05:23,won
Live Chess,Chess.com,2023-01-25,-,chandurohitheee,egilmittun10,1-0,1183,1155,600,13:37:50 PST,chandurohitheee won by resignation,e4-d5,23,00:02:33,00:05:55,won
Live Chess,Chess.com,2023-01-25,-,Eduardo_Duart10,chandurohitheee,1-0,1151,1175,600,13:28:52 PST,Eduardo_Duart10 won by resignation,e4-e5,23,00:02:13,00:03:15,loss
Live Chess,Chess.com,2023-01-25,-,chandurohitheee,markusgdjup,1-0,1184,1240,600,12:40:33 PST,chandurohitheee won by checkmate,e4-e5,26,00:03:37,00:07:47,won
Live Chess,Chess.com,2023-01-25,-,chandurohitheee,Rubeer,1-0,1174,1228,600,12:28:17 PST,chandurohitheee won by resignation,e4-e5,11,00:01:36,00:00:31,won
Live Chess,Chess.com,2023-01-24,-,vanhsu,chandurohitheee,1-0,1119,1155,600,4:42:08 PST,vanhsu won by checkmate,e4-e5,13,00:01:04,00:01:23,loss
Live Chess,Chess.com,2023-01-24,-,waaa72,chandurohitheee,1-0,1180,1164,600,19:19:42 PST,waaa72 won by resignation,e4-e5,21,00:01:41,00:01:48,loss
Live Chess,Chess.com,2023-01-24,-,ahmedatallahali7,chandurohitheee,1-0,1167,1172,600,11:14:24 PST,ahmedatallahali7 won by checkmate,e4-e5,21,00:02:11,00:02:12,loss
Live Chess,Chess.com,2023-01-24,-,chandurohitheee,Vishalbhargav1234,1-0,1181,1168,600,11:09:33 PST,chandurohitheee won by resignation,e4-e5,21,00:05:23,00:01:46,won
Live Chess,Chess.com,2023-01-24,-,domkleber,chandurohitheee,1-0,1254,1173,600,10:59:18 PST,domkleber won by resignation,e4-e5,7,00:00:15,00:00:19,loss
Live Chess,Chess.com,2023-01-23,-,chandurohitheee,Jopamarin,0-1,1179,1187,600,9:41:12 PST,Jopamarin won by resignation,e4-b6,28,00:02:30,00:06:14,loss
Live Chess,Chess.com,2023-01-23,-,chandurohitheee,Campeon1009,1-0,1187,1116,600,9:31:54 PST,chandurohitheee won - game abandoned,e4-e5,8,00:00:42,00:02:03,won
Live Chess,Chess.com,2023-01-23,-,StefVDH1996,chandurohitheee,1-0,1294,1180,600,9:23:25 PST,StefVDH1996 won by resignation,d4-d5,15,00:01:40,00:01:37,loss
Live Chess,Chess.com,2023-01-23,-,oniasekoru,chandurohitheee,1-0,1231,1186,600,5:48:33 PST,oniasekoru won by resignation,d4-Nc6,15,00:01:22,00:00:42,loss
Live Chess,Chess.com,2023-01-23,-,chandurohitheee,haxsorsaxsor,0-1,1193,1133,600,5:33:42 PST,haxsorsaxsor won by resignation,e4-Nf6,22,00:05:30,00:02:25,loss
Live Chess,Chess.com,2023-01-23,-,dario8886,chandurohitheee,1-0,1214,1203,600,12:29:45 PST,dario8886 won - game abandoned,d4-d5,46,00:06:01,00:04:48,loss
Live Chess,Chess.com,2023-01-23,-,chandurohitheee,dario8886,1-0,1211,1206,600,12:15:44 PST,chandurohitheee won by resignation,e4-e5,27,00:04:36,00:03:48,won
Live Chess,Chess.com,2023-01-23,-,dario8886,chandurohitheee,0-1,1214,1203,600,12:05:53 PST,chandurohitheee won by checkmate,d4-Nc6,43,00:07:13,00:05:35,won
Live Chess,Chess.com,2023-01-23,-,chandurohitheee,rufloque29,0-1,1194,1167,600,11:52:06 PST,rufloque29 won by resignation,e4-d5,40,00:03:25,00:02:29,loss
Live Chess,Chess.com,2023-01-23,-,chandurohitheee,Bevilacqua94,1-0,1203,1128,600,11:45:18 PST,chandurohitheee won by resignation,e4-g6,4,00:00:08,00:00:12,won
Live Chess,Chess.com,2023-01-23,-,Edefraim,chandurohitheee,0-1,1090,1196,600,11:44:42 PST,chandurohitheee won by checkmate,e4-e5,34,00:04:13,00:08:18,won
Live Chess,Chess.com,2023-01-23,-,TodesFluss,chandurohitheee,1-0,1165,1190,600,11:31:05 PST,TodesFluss won by checkmate,e4-e5,10,00:01:07,00:02:06,loss
Live Chess,Chess.com,2023-01-23,-,chandurohitheee,RMacotela,1-0,1199,1201,600,11:27:36 PST,chandurohitheee won by resignation,e4-e5,39,00:03:31,00:07:22,won
Live Chess,Chess.com,2023-01-23,-,chandurohitheee,Lotos2104,0-1,1191,1214,600,11:15:42 PST,Lotos2104 won by checkmate,e4-e5,13,00:00:44,00:00:41,loss
Live Chess,Chess.com,2023-01-22,-,javid3517,chandurohitheee,1-0,1165,1199,600,8:39:26 PST,javid3517 won by resignation,g3-e5,9,00:00:31,00:00:26,loss
Live Chess,Chess.com,2023-01-22,-,kllo_pp,chandurohitheee,0-1,1161,1208,600,8:37:40 PST,chandurohitheee won by resignation,e4-e5,19,00:02:51,00:01:02,won
Live Chess,Chess.com,2023-01-22,-,chandurohitheee,Loboinca,0-1,1201,1176,600,5:59:06 PST,Loboinca won by resignation,e4-e5,7,00:00:35,00:00:25,loss
Live Chess,Chess.com,2023-01-22,-,killerkhan001,chandurohitheee,1-0,1205,1210,600,3:50:55 PST,killerkhan001 won by resignation,d4-Nc6,11,00:00:53,00:00:40,loss
Live Chess,Chess.com,2023-01-22,-,RamosResi,chandurohitheee,1-0,1331,1219,600,3:48:51 PST,RamosResi won by resignation,e3-e5,14,00:02:41,00:01:58,loss
Live Chess,Chess.com,2023-01-22,-,NavnathSagar,chandurohitheee,1-0,1198,1225,600,21:22:48 PST,NavnathSagar won by checkmate,e4-e5,38,00:05:00,00:07:51,loss
Live Chess,Chess.com,2023-01-22,-,chandurohitheee,chiragvcd,1/2-1/2,1234,1197,600,18:39:01 PST,Game drawn by stalemate,e4-e5,48,00:07:46,00:07:38,draw
Live Chess,Chess.com,2023-01-22,-,chandurohitheee,uazwildcat,0-1,1235,1276,600,18:24:39 PST,uazwildcat won by resignation,e4-b6,51,00:05:06,00:05:27,loss
Live Chess,Chess.com,2023-01-22,-,nicoperro76,chandurohitheee,1-0,1254,1242,600,17:45:52 PST,nicoperro76 won by checkmate,e4-e5,43,00:04:37,00:03:59,loss
Live Chess,Chess.com,2023-01-22,-,chandurohitheee,RatkoRatk0,1-0,1250,1173,600,17:22:01 PST,chandurohitheee won by checkmate,e4-e5,22,00:01:45,00:02:10,won
Live Chess,Chess.com,2023-01-22,-,chandurohitheee,TheOneBigE,1-0,1243,1063,600,17:17:27 PST,chandurohitheee won on time,e4-e5,30,00:09:59,00:05:50,won
Live Chess,Chess.com,2023-01-21,-,chandurohitheee,arash49684,0-1,1235,1229,600,9:35:32 PST,arash49684 won by resignation,e4-e6,20,00:02:50,00:04:55,loss
Live Chess,Chess.com,2023-01-21,-,chandurohitheee,1971ARMANI,1-0,1244,1251,600,8:17:35 PST,chandurohitheee won by checkmate,e4-e6,46,00:05:07,00:06:57,won
Live Chess,Chess.com,2023-01-21,-,rankolazarevic42,chandurohitheee,1-0,1219,1235,600,5:45:52 PST,rankolazarevic42 won by resignation,e4-e5,17,00:02:33,00:01:36,loss
Live Chess,Chess.com,2023-01-21,-,handlykkenmatias,chandurohitheee,1-0,1291,1244,600,5:40:48 PST,handlykkenmatias won by checkmate,d4-Nc6,49,00:03:26,00:04:33,loss
Live Chess,Chess.com,2023-01-21,-,maheraboalhawa,chandurohitheee,1-0,1291,1251,600,2:50:30 PST,maheraboalhawa won by resignation,Nf3-Nc6,24,00:02:34,00:02:23,loss
Live Chess,Chess.com,2023-01-21,-,chandurohitheee,richardzzzarnold,1-0,1258,1168,600,2:44:18 PST,chandurohitheee won by checkmate,e4-e6,36,00:04:18,00:07:48,won
Live Chess,Chess.com,2023-01-21,-,marcelinho29,chandurohitheee,0-1,1287,1252,600,2:13:35 PST,chandurohitheee won by checkmate,e4-e5,47,00:06:59,00:09:03,won
Live Chess,Chess.com,2023-01-21,-,tbntbntbn,chandurohitheee,0-1,1142,1251,600,22:28:56 PST,chandurohitheee won by checkmate,e4-e5,33,00:09:08,00:08:22,won
Live Chess,Chess.com,2023-01-21,-,aghabahram2,chandurohitheee,0-1,1229,1245,600,22:10:10 PST,chandurohitheee won by resignation,e4-e5,29,00:04:14,00:04:51,won
Live Chess,Chess.com,2023-01-21,-,chandurohitheee,Bonifasius31,1-0,1237,1202,600,22:00:20 PST,chandurohitheee won by resignation,e4-c5,10,00:00:37,00:00:34,won
Live Chess,Chess.com,2023-01-21,-,chandurohitheee,rizkygila27,1-0,1229,1262,600,20:45:12 PST,chandurohitheee won by resignation,e4-e5,20,00:01:08,00:01:49,won
Live Chess,Chess.com,2023-01-21,-,EduardoMS47,chandurohitheee,0-1,1233,1220,600,20:41:37 PST,chandurohitheee won by checkmate,d4-d5,30,00:03:12,00:03:22,won
Live Chess,Chess.com,2023-01-21,-,chandurohitheee,eagleflyhigh21,0-1,1243,1278,600,1:53:15 PST,eagleflyhigh21 won by resignation,e4-e5,17,00:02:44,00:01:34,loss
Live Chess,Chess.com,2023-01-20,-,chandurohitheee,vinh2901,0-1,1203,1168,600,3:27:47 PST,vinh2901 won by resignation,e4-d5,25,00:02:29,00:02:31,loss
Live Chess,Chess.com,2023-01-20,-,Hippo_Skaa,chandurohitheee,0-1,1128,1212,600,3:06:01 PST,chandurohitheee won by resignation,e4-e5,24,00:02:31,00:02:22,won
Live Chess,Chess.com,2023-01-20,-,new2playchess,chandurohitheee,0-1,1259,1206,600,2:57:30 PST,chandurohitheee won by resignation,e4-e5,23,00:02:20,00:01:33,won
Live Chess,Chess.com,2023-01-20,-,liamanderson6,chandurohitheee,0-1,1173,1196,600,12:53:43 PST,chandurohitheee won - game abandoned,d4-Nc6,15,00:01:37,00:01:10,won
Live Chess,Chess.com,2023-01-20,-,chandurohitheee,unitedgoat,0-1,1188,1183,600,12:14:09 PST,unitedgoat won - game abandoned,e4-c5,12,00:01:04,00:02:21,loss
Live Chess,Chess.com,2023-01-20,-,chandurohitheee,justbeka05,1-0,1211,1182,600,10:26:34 PST,chandurohitheee won by resignation,e4-e5,8,00:01:09,00:00:33,won
Live Chess,Chess.com,2023-01-19,-,iancur,chandurohitheee,0-1,1169,1197,600,17:54:46 PST,chandurohitheee won on time,e4-e5,34,00:04:52,00:04:50,won
Live Chess,Chess.com,2023-01-19,-,Juddan1,chandurohitheee,1-0,1195,1189,600,17:39:09 PST,Juddan1 won by checkmate,e4-e5,4,00:00:06,00:00:04,loss
Live Chess,Chess.com,2023-01-19,-,chandurohitheee,darmieo,0-1,1197,1143,600,12:50:20 PST,darmieo won by resignation,e4-e5,14,00:04:39,00:04:36,loss
Live Chess,Chess.com,2023-01-19,-,chandurohitheee,Luiza2735,0-1,1207,1231,600,12:38:56 PST,Luiza2735 won by resignation,e4-c5,36,00:04:14,00:06:34,loss
Live Chess,Chess.com,2023-01-19,-,renato766abc,chandurohitheee,1/2-1/2,1131,1215,600,12:27:22 PST,Game drawn - insufficient material,d4-d5,48,00:03:56,00:05:57,draw
Live Chess,Chess.com,2023-01-19,-,chandurohitheee,lakretka,1-0,1217,1205,600,12:16:33 PST,chandurohitheee won by resignation,e4-e5,26,00:04:17,00:05:14,won
Live Chess,Chess.com,2023-01-19,-,chandurohitheee,fetisovadim,1/2-1/2,1209,1190,600,11:40:31 PST,Game drawn by repetition,e4-d5,30,00:03:55,00:03:52,draw
Live Chess,Chess.com,2023-01-19,-,hectorkr,chandurohitheee,0-1,1134,1210,600,11:31:56 PST,chandurohitheee won by checkmate,e4-e5,35,00:04:09,00:05:10,won
Live Chess,Chess.com,2023-01-19,-,chandurohitheee,jasicabold,1-0,1203,1171,600,11:21:57 PST,chandurohitheee won by resignation,e4-e5,23,00:02:44,00:02:46,won
Live Chess,Chess.com,2023-01-19,-,rschess11,chandurohitheee,0-1,1121,1195,600,11:15:07 PST,chandurohitheee won by resignation,e4-e5,17,00:02:18,00:01:43,won
Live Chess,Chess.com,2023-01-19,-,alsagheer5,chandurohitheee,1-0,1177,1188,600,11:10:42 PST,alsagheer5 won by resignation,d4-e5,43,00:04:06,00:03:29,loss
Live Chess,Chess.com,2023-01-19,-,chandurohitheee,ciulpk_byrka,0-1,1197,1253,600,11:00:49 PST,ciulpk_byrka won by resignation,e4-e5,25,00:02:09,00:01:45,loss
Live Chess,Chess.com,2023-01-19,-,sean2414234,chandurohitheee,1-0,1183,1204,600,10:56:19 PST,sean2414234 won by checkmate,e4-d5,65,00:06:28,00:09:53,loss
Live Chess,Chess.com,2023-01-19,-,chandurohitheee,iamvipulagrawal,0-1,1213,1184,600,10:38:28 PST,iamvipulagrawal won by checkmate,e4-e5,7,00:00:34,00:00:20,loss
Live Chess,Chess.com,2023-01-19,-,chandurohitheee,adrianbeamedu,1-0,1222,1161,600,10:35:48 PST,chandurohitheee won by checkmate,e4-e6,7,00:00:19,00:00:15,won
Live Chess,Chess.com,2023-01-19,-,moosemanmike,chandurohitheee,0-1,1211,1213,600,10:34:55 PST,chandurohitheee won by checkmate,d4-Nc6,20,00:03:27,00:03:12,won
Live Chess,Chess.com,2023-01-18,-,Abhintpt,chandurohitheee,0-1,1213,1187,600,7:27:50 PST,chandurohitheee won by checkmate,e4-e5,73,00:09:27,00:07:33,won
Live Chess,Chess.com,2023-01-18,-,chandurohitheee,moosemanmike,1-0,1205,1219,600,10:27:52 PST,chandurohitheee won by checkmate,e4-e5,22,00:02:28,00:02:02,won
Live Chess,Chess.com,2023-01-18,-,chandurohitheee,kroksa,1-0,1196,1205,600,10:22:56 PST,chandurohitheee won by checkmate,e4-c5,5,00:00:19,00:00:24,won
Live Chess,Chess.com,2023-01-17,-,chandurohitheee,Qilliann,0-1,1178,1120,600,8:00:00 PST,Qilliann won by checkmate,e4-c5,38,00:06:07,00:05:30,loss
Live Chess,Chess.com,2023-01-17,-,Disa12,chandurohitheee,1-0,1197,1188,600,4:30:18 PST,Disa12 won by checkmate,e4-e5,28,00:02:17,00:02:36,loss
Live Chess,Chess.com,2023-01-16,-,Oskar031213,chandurohitheee,1-0,1165,1196,600,8:23:50 PST,Oskar031213 won by checkmate,e4-e5,11,00:01:12,00:01:09,loss
Live Chess,Chess.com,2023-01-16,-,whyprajwal69,chandurohitheee,1-0,1251,1205,600,8:20:50 PST,whyprajwal69 won by checkmate,e4-e5,16,00:02:11,00:01:49,loss
Live Chess,Chess.com,2023-01-16,-,chandurohitheee,pepevelasco01,0-1,1212,1189,600,19:50:36 PST,pepevelasco01 won by checkmate,e4-e5,26,00:03:06,00:02:58,loss
Live Chess,Chess.com,2023-01-15,-,chandurohitheee,jokk1234,0-1,1221,1197,600,3:30:26 PST,jokk1234 won by checkmate,e4-d5,37,00:07:45,00:08:11,loss
Live Chess,Chess.com,2023-01-15,-,MFERNANDES33,chandurohitheee,0-1,1258,1230,600,19:37:36 PST,chandurohitheee won by checkmate,e4-e5,39,00:05:20,00:09:21,won
Live Chess,Chess.com,2023-01-15,-,Raij1nn,chandurohitheee,0-1,1221,1221,600,19:21:55 PST,chandurohitheee won by checkmate,e4-e5,30,00:09:55,00:04:53,won
Live Chess,Chess.com,2023-01-15,-,chandurohitheee,MichaelxPeter,1-0,1213,1234,600,19:06:29 PST,chandurohitheee won by resignation,e4-e5,8,00:00:39,00:01:51,won
Live Chess,Chess.com,2023-01-14,-,chandurohitheee,D_Neres_S,0-1,1204,1270,600,22:40:16 PST,D_Neres_S won by checkmate,e4-c5,66,00:06:13,00:05:53,loss
Live Chess,Chess.com,2023-01-14,-,chandurohitheee,MrsQueen93,1-0,1211,1179,600,22:22:25 PST,chandurohitheee won by checkmate,e4-e5,32,00:02:17,00:01:47,won
Live Chess,Chess.com,2023-01-14,-,Kamado44,chandurohitheee,1-0,1184,1203,600,17:27:10 PST,Kamado44 won by checkmate,e4-e5,8,00:00:12,00:00:27,loss
Live Chess,Chess.com,2023-01-14,-,chandurohitheee,slb1526,1-0,1212,1201,600,17:26:16 PST,chandurohitheee won by checkmate,e4-e5,20,00:02:56,00:02:10,won
Live Chess,Chess.com,2023-01-14,-,IK-33,chandurohitheee,1-0,1262,1204,600,17:20:43 PST,IK-33 won by resignation,e4-e5,9,00:00:20,00:00:26,loss
Live Chess,Chess.com,2023-01-14,-,Rxlidd,chandurohitheee,0-1,1149,1211,600,17:06:37 PST,chandurohitheee won by checkmate,e4-e5,34,00:04:35,00:07:04,won
Live Chess,Chess.com,2023-01-13,-,chandurohitheee,mackenziejackson1,1-0,1204,1112,600,2:39:36 PST,chandurohitheee won by resignation,e4-e5,18,00:02:13,00:04:30,won
Live Chess,Chess.com,2023-01-13,-,chandurohitheee,RegelesangerosB3,1-0,1198,1124,600,2:31:59 PST,chandurohitheee won by checkmate,e4-e5,36,00:08:20,00:05:26,won
Live Chess,Chess.com,2023-01-13,-,DonKarlo22,chandurohitheee,0-1,1214,1189,600,2:17:26 PST,chandurohitheee won - game abandoned,e4-e5,23,00:01:36,00:02:09,won
Live Chess,Chess.com,2023-01-13,-,mahsa_amini_iran,chandurohitheee,1-0,1224,1180,600,23:59:44 PST,mahsa_amini_iran won by checkmate,e4-e5,42,00:03:50,00:05:29,loss
Live Chess,Chess.com,2023-01-13,-,chandurohitheee,Devin4343,0-1,1187,1222,600,19:35:36 PST,Devin4343 won by resignation,e4-c5,39,00:04:47,00:02:59,loss
Live Chess,Chess.com,2023-01-13,-,chandurohitheee,meowkalfiaaa,0-1,1195,1262,600,18:37:15 PST,meowkalfiaaa won by checkmate,e4-e5,40,00:05:18,00:04:31,loss
Live Chess,Chess.com,2023-01-09,-,VitoSabbia,chandurohitheee,1-0,1215,1202,600,17:14:20 PST,VitoSabbia won by checkmate,e4-e5,24,00:04:30,00:03:10,loss
Live Chess,Chess.com,2023-01-09,-,Terlan555,chandurohitheee,0-1,1215,1210,600,17:06:08 PST,chandurohitheee won - game abandoned,e4-e5,48,00:03:37,00:06:40,won
Live Chess,Chess.com,2023-01-09,-,chandurohitheee,mohamed-hamza,0-1,1201,1299,600,16:52:37 PST,mohamed-hamza won by checkmate,e4-e5,23,00:02:43,00:02:45,loss
Live Chess,Chess.com,2023-01-09,-,parvezrazib,chandurohitheee,1-0,1300,1207,600,16:12:53 PST,parvezrazib won by checkmate,e4-e5,10,00:00:31,00:01:03,loss
Live Chess,Chess.com,2023-01-09,-,luigimonti,chandurohitheee,0-1,1235,1213,600,16:09:29 PST,chandurohitheee won - game abandoned,e4-e5,9,00:00:31,00:00:23,won
Live Chess,Chess.com,2023-01-08,-,chandurohitheee,C-Vyrus,0-1,1221,1172,600,5:12:43 PST,C-Vyrus won by checkmate,e4-e5,32,00:02:15,00:02:57,loss
Live Chess,Chess.com,2023-01-08,-,cnurl,chandurohitheee,0-1,1161,1231,600,4:58:46 PST,chandurohitheee won by checkmate,c4-e5,37,00:04:09,00:04:12,won
Live Chess,Chess.com,2023-01-08,-,Kubik251,chandurohitheee,0-1,1145,1222,600,4:47:02 PST,chandurohitheee won by resignation,d4-d5,38,00:04:00,00:06:14,won
Live Chess,Chess.com,2023-01-08,-,chandurohitheee,zadarsenj,1-0,1215,1145,600,4:34:40 PST,chandurohitheee won by resignation,e4-e5,36,00:03:54,00:05:06,won
Live Chess,Chess.com,2023-01-08,-,chandurohitheee,Javierlafora,0-1,1208,1267,600,19:45:19 PST,Javierlafora won by checkmate,e4-e5,15,00:01:13,00:01:50,loss
Live Chess,Chess.com,2023-01-08,-,Aboufayez,chandurohitheee,1-0,1158,1204,600,10:23:02 PST,Aboufayez won by resignation,e4-e5,30,00:04:44,00:04:42,loss
Live Chess,Chess.com,2023-01-08,-,chandurohitheee,Tynell06607,0-1,1214,1284,600,10:12:22 PST,Tynell06607 won by checkmate,e4-e5,54,00:06:16,00:08:58,loss
Live Chess,Chess.com,2023-01-07,-,chandurohitheee,bc_forties,0-1,1215,1216,600,6:30:39 PST,bc_forties won by checkmate,e4-e5,25,00:03:13,00:02:56,loss
Live Chess,Chess.com,2023-01-07,-,djuned86,chandurohitheee,1-0,1179,1223,600,1:35:47 PST,djuned86 won by resignation,e4-e5,19,00:01:59,00:03:04,loss
Live Chess,Chess.com,2023-01-07,-,onagzy,chandurohitheee,1/2-1/2,1215,1233,600,17:46:02 PST,Game drawn by stalemate,c4-e5,64,00:06:53,00:04:46,draw
Live Chess,Chess.com,2023-01-07,-,chandurohitheee,dwayne10000,0-1,1233,1170,600,15:28:59 PST,dwayne10000 won by resignation,e4-e5,57,00:05:53,00:05:41,loss
Live Chess,Chess.com,2023-01-07,-,TFMATIYT,chandurohitheee,0-1,1207,1243,600,12:49:29 PST,chandurohitheee won by checkmate,d4-Nc6,28,00:02:49,00:03:13,won
Live Chess,Chess.com,2023-01-07,-,chandurohitheee,20kuba007,1-0,1235,1131,600,12:42:08 PST,chandurohitheee won by checkmate,e4-e5,12,00:01:41,00:00:59,won
Live Chess,Chess.com,2023-01-07,-,Cemo-shn,chandurohitheee,1-0,1206,1229,600,12:27:21 PST,Cemo-shn won by resignation,e4-e5,20,00:02:18,00:02:48,loss
Live Chess,Chess.com,2023-01-06,-,chandurohitheee,Revanche-Spiel,1-0,1238,1190,600,8:00:47 PST,chandurohitheee won by resignation,e4-e5,29,00:03:20,00:03:21,won
Live Chess,Chess.com,2023-01-06,-,chandurohitheee,Manueses,1-0,1234,1264,600,10:55:25 PST,chandurohitheee won by resignation,e4-e5,17,00:02:08,00:03:29,won
Live Chess,Chess.com,2023-01-06,-,chandurohitheee,Pronyukb,0-1,1225,1297,600,10:49:07 PST,Pronyukb won by resignation,e4-e5,21,00:02:30,00:02:46,loss
Live Chess,Chess.com,2023-01-06,-,EdoBuzz6,chandurohitheee,1-0,1300,1232,600,10:36:51 PST,EdoBuzz6 won by resignation,e4-e5,17,00:01:01,00:01:03,loss
Live Chess,Chess.com,2023-01-06,-,ojo690795,chandurohitheee,0-1,1217,1239,600,10:34:09 PST,chandurohitheee won by resignation,e4-e5,19,00:01:42,00:01:46,won
Live Chess,Chess.com,2023-01-06,-,richiepasie,chandurohitheee,1-0,1213,1231,600,0:05:53 PST,richiepasie won - game abandoned,e4-e5,9,00:01:02,00:01:18,loss
Live Chess,Chess.com,2023-01-06,-,alan003100,chandurohitheee,0-1,1136,1240,600,0:02:47 PST,chandurohitheee won by checkmate,e4-e5,26,00:02:31,00:02:25,won
Live Chess,Chess.com,2023-01-05,-,toibn,chandurohitheee,0-1,1084,1212,600,9:51:23 PST,chandurohitheee won by checkmate,e4-e5,18,00:04:35,00:01:29,won
Live Chess,Chess.com,2023-01-05,-,chandurohitheee,suryanshkurmi,0-1,1206,1283,600,5:22:58 PST,suryanshkurmi won by resignation,e4-e5,52,00:05:16,00:03:29,loss
Live Chess,Chess.com,2023-01-05,-,Pavkoni123,chandurohitheee,1-0,1231,1213,600,13:00:27 PST,Pavkoni123 won by resignation,e4-e5,44,00:07:32,00:07:41,loss
Live Chess,Chess.com,2023-01-05,-,chandurohitheee,usesock,1-0,1230,1205,600,10:04:50 PST,chandurohitheee won by checkmate,e4-d5,14,00:01:07,00:01:10,won
Live Chess,Chess.com,2023-01-05,-,chandurohitheee,karthino1,1-0,1221,1251,600,10:01:49 PST,chandurohitheee won by checkmate,e4-e5,27,00:04:19,00:05:30,won
Live Chess,Chess.com,2023-01-03,-,chandurohitheee,ebi_hamid,1-0,1221,1230,600,9:41:04 PST,chandurohitheee won by resignation,e4-e5,36,00:07:05,00:06:53,won
Live Chess,Chess.com,2023-01-03,-,Ahmedkarezma,chandurohitheee,1-0,1237,1212,600,9:26:04 PST,Ahmedkarezma won by resignation,d4-Nc6,21,00:02:16,00:02:17,loss
Live Chess,Chess.com,2023-01-02,-,chandurohitheee,arjey123,0-1,1220,1265,600,7:53:39 PST,arjey123 won by resignation,e4-g6,33,00:05:20,00:04:01,loss
Live Chess,Chess.com,2023-01-02,-,nelekrele12,chandurohitheee,0-1,1158,1227,600,17:43:37 PST,chandurohitheee won by resignation,e4-e5,53,00:07:02,00:07:16,won
Live Chess,Chess.com,2023-01-02,-,chandurohitheee,betej,1/2-1/2,1220,1253,600,10:36:03 PST,Game drawn by repetition,e4-c6,37,00:05:10,00:05:12,draw
Live Chess,Chess.com,2023-01-01,-,y3185181,chandurohitheee,1-0,1197,1220,600,8:59:21 PST,y3185181 won by resignation,e4-e5,31,00:05:43,00:04:13,loss
Live Chess,Chess.com,2023-01-01,-,NewBi3e,chandurohitheee,0-1,1199,1229,600,2:09:43 PST,chandurohitheee won by resignation,e4-e5,52,00:03:52,00:06:38,won
Live Chess,Chess.com,2023-01-01,-,chandurohitheee,J66Dpv,0-1,1227,1293,600,22:04:05 PST,J66Dpv won by resignation,e4-e5,30,00:05:08,00:04:15,loss
Live Chess,Chess.com,2023-01-01,-,chandurohitheee,Fra_00,0-1,1234,1321,600,21:50:09 PST,Fra_00 won by checkmate,e4-e5,11,00:01:52,00:00:59,loss
Live Chess,Chess.com,2023-01-01,-,chandurohitheee,vukstraocki,0-1,1220,1201,600,1:57:49 PST,vukstraocki won by checkmate,e4-e5,39,00:02:11,00:01:48,loss
Live Chess,Chess.com,2023-01-01,-,chandurohitheee,EviLJok3R_ru,1-0,1229,1293,600,1:09:22 PST,chandurohitheee won by resignation,e4-e5,12,00:03:41,00:01:25,won
Live Chess,Chess.com,2023-01-01,-,SatriaSquall24,chandurohitheee,1-0,1169,1240,600,10:49:25 PST,SatriaSquall24 won by resignation,e4-e5,17,00:02:22,00:02:08,loss
Live Chess,Chess.com,2023-01-01,-,Thallys0312,chandurohitheee,1/2-1/2,1185,1219,600,10:24:04 PST,Game drawn by stalemate,e4-e5,76,00:05:05,00:09:03,draw
Live Chess,Chess.com,2023-01-01,-,slavakas,chandurohitheee,1-0,1215,1219,600,0:20:33 PST,slavakas won by resignation,e4-e5,30,00:04:30,00:02:42,loss
Live Chess,Chess.com,2022-12-31,-,Haryaajhi5757,chandurohitheee,1-0,1193,1250,600,5:23:57 PST,Haryaajhi5757 won by resignation,e3-e5,33,00:04:41,00:02:42,loss
Live Chess,Chess.com,2022-12-31,-,Ali_Sudani,chandurohitheee,1-0,1267,1260,600,3:46:52 PST,Ali_Sudani won by resignation,e4-e5,20,00:01:41,00:02:35,loss
Live Chess,Chess.com,2022-12-31,-,chandurohitheee,Liu_58,1-0,1268,1239,600,3:41:42 PST,chandurohitheee won by checkmate,e4-b6,20,00:01:26,00:02:29,won
Live Chess,Chess.com,2022-12-31,-,rogernordeng,chandurohitheee,0-1,1216,1261,600,21:33:11 PST,chandurohitheee won by resignation,d4-Nc6,23,00:02:45,00:02:21,won
Live Chess,Chess.com,2022-12-31,-,chandurohitheee,BusCacChos,0-1,1254,1201,600,21:27:29 PST,BusCacChos won by checkmate,e4-e5,23,00:03:37,00:02:41,loss
Live Chess,Chess.com,2022-12-31,-,checkmatelawyer,chandurohitheee,1-0,1296,1260,600,1:51:57 PST,checkmatelawyer won by resignation,e4-e5,8,00:00:27,00:00:18,loss
Live Chess,Chess.com,2022-12-31,-,chandurohitheee,143i143l143u,1-0,1268,1197,600,1:50:34 PST,chandurohitheee won by resignation,e4-e5,20,00:01:26,00:02:32,won
Live Chess,Chess.com,2022-12-31,-,chandurohitheee,Davipam,0-1,1264,1311,600,10:42:56 PST,Davipam won by resignation,e4-e5,68,00:05:23,00:07:38,loss
Live Chess,Chess.com,2022-12-31,-,xn_szymixpompa2137,chandurohitheee,1-0,1267,1250,600,10:16:14 PST,xn_szymixpompa2137 won by resignation,d4-Nc6,26,00:02:35,00:02:14,loss
Live Chess,Chess.com,2022-12-31,-,chandurohitheee,temirlan234,1-0,1258,1240,600,10:10:33 PST,chandurohitheee won by resignation,e4-d5,30,00:01:54,00:02:09,won
Live Chess,Chess.com,2022-12-30,-,chandurohitheee,sarsharbos,1-0,1289,1179,600,20:15:34 PST,chandurohitheee won on time,e4-e5,60,00:07:29,00:09:56,won
Live Chess,Chess.com,2022-12-30,-,yugimon1357,chandurohitheee,1-0,1228,1283,600,19:56:24 PST,yugimon1357 won by checkmate,e4-e5,23,00:03:26,00:02:42,loss
Live Chess,Chess.com,2022-12-30,-,strider_flp,chandurohitheee,1/2-1/2,1363,1293,600,17:58:07 PST,Game drawn by repetition,c4-e5,71,00:07:25,00:05:52,draw
Live Chess,Chess.com,2022-12-30,-,chandurohitheee,sugarmoms,1-0,1291,1117,600,10:34:47 PST,chandurohitheee won by checkmate,e4-d5,13,00:01:35,00:01:06,won
Live Chess,Chess.com,2022-12-30,-,pawn_3002,chandurohitheee,1-0,1218,1271,600,10:15:00 PST,pawn_3002 won by resignation,d4-d5,25,00:04:20,00:03:32,loss
Live Chess,Chess.com,2022-12-30,-,chandurohitheee,abdul7567,0-1,1281,1282,600,10:01:44 PST,abdul7567 won on time,e4-e5,76,00:09:57,00:09:59,loss
Live Chess,Chess.com,2022-12-29,-,Tristofor,chandurohitheee,0-1,1255,1283,600,9:51:01 PST,chandurohitheee won by resignation,e4-e5,32,00:09:32,00:06:33,won
Live Chess,Chess.com,2022-12-29,-,ashok_chess1,chandurohitheee,0-1,1284,1266,600,22:21:58 PST,chandurohitheee won by checkmate,e4-e5,31,00:03:55,00:03:12,won
Live Chess,Chess.com,2022-12-29,-,chandurohitheee,CHAMA27,0-1,1257,1327,600,22:05:48 PST,CHAMA27 won by resignation,e4-e5,49,00:05:16,00:03:05,loss
Live Chess,Chess.com,2022-12-29,-,rusdiokazaki,chandurohitheee,1-0,1215,1264,600,21:31:02 PST,rusdiokazaki won by resignation,e3-e5,44,00:04:55,00:04:48,loss
Live Chess,Chess.com,2022-12-29,-,porkistpOO,chandurohitheee,1-0,1355,1274,600,21:18:09 PST,porkistpOO won by checkmate,d4-e5,47,00:05:33,00:04:13,loss
Live Chess,Chess.com,2022-12-29,-,chandurohitheee,ABHAY241,0-1,1280,1275,600,21:07:38 PST,ABHAY241 won by checkmate,e4-c6,12,00:00:33,00:00:59,loss
Live Chess,Chess.com,2022-12-29,-,chandurohitheee,mekiciwi,1-0,1288,1308,600,20:13:27 PST,chandurohitheee won by resignation,e4-e5,12,00:00:48,00:00:58,won
Live Chess,Chess.com,2022-12-29,-,Soncek1,chandurohitheee,1-0,1267,1279,600,20:09:18 PST,Soncek1 won by resignation,e4-e5,22,00:01:59,00:03:16,loss
Live Chess,Chess.com,2022-12-29,-,chandurohitheee,akashdippaik,1-0,1275,1307,600,1:29:26 PST,chandurohitheee won by resignation,e4-c5,35,00:05:37,00:05:47,won
Live Chess,Chess.com,2022-12-29,-,LIONDIEGO,chandurohitheee,0-1,1231,1288,600,10:32:04 PST,chandurohitheee won by resignation,e4-e5,24,00:03:22,00:03:00,won
Live Chess,Chess.com,2022-12-28,-,Harcourtkidz,chandurohitheee,1-0,1303,1283,600,9:47:31 PST,Harcourtkidz won by checkmate,e4-e5,54,00:05:47,00:05:59,loss
Live Chess,Chess.com,2022-12-28,-,chandurohitheee,cupofcoff,1-0,1291,1195,600,9:34:54 PST,chandurohitheee won by resignation,e4-e5,16,00:02:48,00:02:46,won
Live Chess,Chess.com,2022-12-28,-,chandurohitheee,Bogboro,1-0,1285,1176,600,9:18:08 PST,chandurohitheee won by checkmate,e4-e5,32,00:06:05,00:07:22,won
Live Chess,Chess.com,2022-12-28,-,Buhyo,chandurohitheee,0-1,1207,1279,600,3:05:27 PST,chandurohitheee won - game abandoned,e4-e5,20,00:01:58,00:01:48,won
Live Chess,Chess.com,2022-12-28,-,AKasparovLover,chandurohitheee,0-1,1169,1281,600,10:25:14 PST,chandurohitheee won by checkmate,c4-e5,36,00:07:46,00:04:22,won
Live Chess,Chess.com,2022-12-28,-,chandurohitheee,thefour,0-1,1273,1219,600,10:06:22 PST,thefour won by checkmate,e4-e5,62,00:09:40,00:08:08,loss
Live Chess,Chess.com,2022-12-28,-,chandurohitheee,stupidpear,1-0,1272,1276,600,0:57:43 PST,chandurohitheee won by resignation,e4-e5,18,00:02:46,00:02:14,won
Live Chess,Chess.com,2022-12-28,-,chandurohitheee,ZacTheLegend,1-0,1264,1231,600,0:47:55 PST,chandurohitheee won by resignation,e4-e5,31,00:03:04,00:02:49,won
Live Chess,Chess.com,2022-12-28,-,Lsd4me420,chandurohitheee,0-1,1263,1256,600,0:35:54 PST,chandurohitheee won by resignation,e3-e5,20,00:01:20,00:02:34,won
Live Chess,Chess.com,2022-12-28,-,lethenoob,chandurohitheee,0-1,1121,1247,600,0:09:27 PST,chandurohitheee won by checkmate,d4-Nc6,26,00:05:36,00:03:59,won
Live Chess,Chess.com,2022-12-27,-,chandurohitheee,Orxan6060,1-0,1234,1197,600,8:22:01 PST,chandurohitheee won by checkmate,e4-d5,35,00:04:10,00:03:51,won
Live Chess,Chess.com,2022-12-27,-,Maritox2311,chandurohitheee,1/2-1/2,1138,1227,600,7:03:01 PST,Game drawn - insufficient material,e4-e5,43,00:05:53,00:03:13,draw
Live Chess,Chess.com,2022-12-27,-,kolya1771,chandurohitheee,1-0,1283,1229,600,6:53:15 PST,kolya1771 won by resignation,e4-e5,40,00:04:13,00:05:07,loss
Live Chess,Chess.com,2022-12-27,-,chandurohitheee,mykhailonemyr1,1/2-1/2,1236,1235,600,6:37:37 PST,Game drawn - insufficient material,e4-e5,54,00:07:01,00:05:06,draw
Live Chess,Chess.com,2022-12-27,-,chandurohitheee,sandeep178,0-1,1236,1233,600,4:33:22 PST,sandeep178 won by resignation,e4-e6,1,00:00,00:00:02,loss
Live Chess,Chess.com,2022-12-27,-,jonathangviana,chandurohitheee,0-1,1260,1245,600,17:51:46 PST,chandurohitheee won by resignation,d4-d5,12,00:00:32,00:00:41,won
Live Chess,Chess.com,2022-12-27,-,chandurohitheee,jimmy_006,1-0,1236,1197,600,17:22:04 PST,chandurohitheee won by resignation,e4-c5,17,00:01:21,00:02:25,won
Live Chess,Chess.com,2022-12-27,-,chandurohitheee,flopps15,1-0,1229,1284,600,17:17:42 PST,chandurohitheee won - game abandoned,e4-d5,24,00:02:07,00:02:17,won
Live Chess,Chess.com,2022-12-27,-,sashkoooo36788,chandurohitheee,0-1,1176,1241,600,10:22:11 PST,chandurohitheee won by resignation,e4-e5,17,00:01:46,00:01:59,won
Live Chess,Chess.com,2022-12-26,-,chandurohitheee,JanAizen,1-0,1219,1160,600,5:26:05 PST,chandurohitheee won by checkmate,e4-e5,40,00:03:58,00:06:46,won
Live Chess,Chess.com,2022-12-26,-,unknowntiger147,chandurohitheee,1-0,1217,1210,600,2:19:16 PST,unknowntiger147 won by checkmate,e4-e5,49,00:06:55,00:09:51,loss
Live Chess,Chess.com,2022-12-26,-,chandurohitheee,extreme29,0-1,1226,1330,600,23:36:57 PST,extreme29 won by checkmate,e4-c5,56,00:03:40,00:03:02,loss
Live Chess,Chess.com,2022-12-26,-,Konan9757553411,chandurohitheee,0-1,1187,1232,600,21:58:50 PST,chandurohitheee won by checkmate,e4-e5,21,00:01:53,00:06:02,won
Live Chess,Chess.com,2022-12-26,-,Elzota,chandurohitheee,1-0,1215,1225,600,21:34:39 PST,Elzota won by resignation,e4-e5,22,00:03:28,00:01:58,loss
Live Chess,Chess.com,2022-12-26,-,aanbeesee,chandurohitheee,0-1,1261,1234,600,21:24:18 PST,chandurohitheee won by resignation,e4-e5,23,00:02:27,00:02:23,won
Live Chess,Chess.com,2022-12-26,-,chandurohitheee,BatS81,0-1,1225,1238,600,20:41:48 PST,BatS81 won by checkmate,e4-b6,63,00:04:07,00:04:28,loss
Live Chess,Chess.com,2022-12-26,-,chandurohitheee,James_622,1-0,1233,1261,600,20:22:41 PST,chandurohitheee won by checkmate,e4-e5,41,00:04:11,00:03:32,won
Live Chess,Chess.com,2022-12-26,-,chandurohitheee,tailasoy67,1-0,1224,1137,600,20:14:12 PST,chandurohitheee won by resignation,e4-d5,24,00:02:19,00:04:14,won
Live Chess,Chess.com,2022-12-26,-,GopiTiger,chandurohitheee,0-1,1139,1218,600,20:04:41 PST,chandurohitheee won - game abandoned,e4-e5,14,00:00:51,00:01:18,won
Live Chess,Chess.com,2022-12-26,-,pange07,chandurohitheee,1-0,1195,1218,600,1:36:42 PST,pange07 won by resignation,e4-e5,19,00:01:41,00:03:11,loss
Live Chess,Chess.com,2022-12-26,-,chandurohitheee,PoojaRS7,1-0,1227,1272,600,1:23:51 PST,chandurohitheee won by resignation,e4-e5,42,00:07:09,00:03:01,won
Live Chess,Chess.com,2022-12-26,-,chandurohitheee,mikealbelda,0-1,1218,1173,600,1:10:13 PST,mikealbelda won by resignation,e4-e5,39,00:05:01,00:05:01,loss
Live Chess,Chess.com,2022-12-26,-,chandurohitheee,mzks12,1-0,1210,1127,600,19:55:54 PST,chandurohitheee won by resignation,e4-d6,23,00:03:48,00:05:09,won
Live Chess,Chess.com,2022-12-26,-,chandurohitheee,sqzyx,1-0,1204,1128,600,19:44:13 PST,chandurohitheee won by resignation,e4-e5,10,00:00:48,00:02:06,won
Live Chess,Chess.com,2022-12-26,-,CAP1V,chandurohitheee,0-1,1259,1197,600,19:40:46 PST,chandurohitheee won by resignation,e4-e5,6,00:00:18,00:00:10,won
Live Chess,Chess.com,2022-12-26,-,chandurohitheee,saxtiagoclar,0-1,1187,1245,600,19:17:28 PST,saxtiagoclar won by checkmate,e4-e5,24,00:03:08,00:05:07,loss
Live Chess,Chess.com,2022-12-26,-,Duckdog1,chandurohitheee,1-0,1154,1194,600,16:08:32 PST,Duckdog1 won by checkmate,e4-e5,9,00:00:29,00:00:30,loss
Live Chess,Chess.com,2022-12-26,-,HenryJelbert,chandurohitheee,0-1,1281,1203,600,16:07:16 PST,chandurohitheee won by resignation,e4-e5,10,00:00:27,00:01:36,won
Live Chess,Chess.com,2022-12-26,-,Vikitam,chandurohitheee,0-1,1307,1227,600,0:59:05 PST,chandurohitheee won by resignation,g3-e5,22,00:01:43,00:01:45,won
Live Chess,Chess.com,2022-12-26,-,TheVikingGB,chandurohitheee,1-0,1185,1217,600,0:55:03 PST,TheVikingGB won by checkmate,e4-e5,16,00:01:31,00:01:58,loss
Live Chess,Chess.com,2022-12-25,-,King_Malbec,chandurohitheee,1-0,1213,1193,600,4:50:00 PST,King_Malbec won by resignation,e4-e5,17,00:01:59,00:01:29,loss
Live Chess,Chess.com,2022-12-25,-,chandurohitheee,HorenTheSly,1-0,1201,1115,600,4:14:25 PST,chandurohitheee won by resignation,e4-e5,39,00:04:45,00:04:38,won
Live Chess,Chess.com,2022-12-25,-,arjunarj,chandurohitheee,1-0,1192,1194,600,23:25:37 PST,arjunarj won by checkmate,e4-e5,30,00:03:16,00:02:49,loss
Live Chess,Chess.com,2022-12-25,-,chandurohitheee,AkshayRajemane,0-1,1202,1188,600,22:15:06 PST,AkshayRajemane won by resignation,e4-e5,19,00:02:12,00:03:26,loss
Live Chess,Chess.com,2022-12-25,-,AhmedAbosa,chandurohitheee,0-1,1191,1211,600,16:06:37 PST,chandurohitheee won by checkmate,e4-e5,14,00:01:04,00:01:13,won
Live Chess,Chess.com,2022-12-25,-,chandurohitheee,sairamchinta,1-0,1203,1227,600,16:03:32 PST,chandurohitheee won by checkmate,e4-e5,19,00:02:22,00:01:30,won
Live Chess,Chess.com,2022-12-25,-,chandurohitheee,Miguel_321,0-1,1194,1208,600,15:59:09 PST,Miguel_321 won by checkmate,e4-e5,33,00:04:38,00:02:57,loss
Live Chess,Chess.com,2022-12-25,-,chandurohitheee,Requinoa,1-0,1203,1188,600,15:50:41 PST,chandurohitheee won by resignation,e4-d5,25,00:02:40,00:01:24,won
Live Chess,Chess.com,2022-12-25,-,alimusag07,chandurohitheee,0-1,1177,1195,600,14:44:42 PST,chandurohitheee won by resignation,d4-e5,27,00:05:04,00:08:26,won
Live Chess,Chess.com,2022-12-25,-,chandurohitheee,Applechess123456789,1-0,1187,1153,600,14:30:39 PST,chandurohitheee won by resignation,e4-e5,34,00:05:25,00:03:51,won
Live Chess,Chess.com,2022-12-24,-,jivheshshekatkar,chandurohitheee,1-0,1155,1179,600,21:09:01 PST,jivheshshekatkar won by checkmate,e4-e5,27,00:02:51,00:03:34,loss
Live Chess,Chess.com,2022-12-22,-,chandurohitheee,Ransak17,0-1,1188,1120,600,7:52:34 PST,Ransak17 won by checkmate,e4-d5,21,00:02:30,00:02:30,loss
Live Chess,Chess.com,2022-12-22,-,Jmurrayyy1,chandurohitheee,1-0,1193,1198,600,19:04:12 PST,Jmurrayyy1 won by checkmate,e4-e5,60,00:08:36,00:05:57,loss
Live Chess,Chess.com,2022-12-22,-,GeneralKhanna94,chandurohitheee,0-1,1136,1206,600,18:48:16 PST,chandurohitheee won by resignation,e4-e5,21,00:03:41,00:02:34,won
Live Chess,Chess.com,2022-12-22,-,JoshuaMaximo,chandurohitheee,0-1,1129,1199,600,18:41:24 PST,chandurohitheee won by resignation,e4-e5,25,00:02:34,00:04:30,won
Live Chess,Chess.com,2022-12-22,-,chandurohitheee,luisignacioviejo,0-1,1191,1149,600,16:21:37 PST,luisignacioviejo won by checkmate,e4-d6,21,00:01:39,00:01:43,loss
Live Chess,Chess.com,2022-12-22,-,Cobaya24,chandurohitheee,0-1,1106,1201,600,15:57:37 PST,chandurohitheee won by checkmate,e4-e5,32,00:04:54,00:03:36,won
Live Chess,Chess.com,2022-12-22,-,allMyFriend,chandurohitheee,0-1,1018,1195,600,15:48:27 PST,chandurohitheee won by checkmate,e4-e5,10,00:02:04,00:00:35,won
Live Chess,Chess.com,2022-12-22,-,chandurohitheee,juanfrazier,0-1,1187,1133,600,15:32:23 PST,juanfrazier won by resignation,e4-e5,40,00:04:48,00:02:22,loss
Live Chess,Chess.com,2022-12-22,-,chandurohitheee,Ah-273,0-1,1197,1258,600,15:24:30 PST,Ah-273 won by checkmate,e4-d5,31,00:03:28,00:05:24,loss
Live Chess,Chess.com,2022-12-21,-,chandurohitheee,jambeth10,0-1,1204,1179,600,2:12:09 PST,jambeth10 won by checkmate,e4-d5,14,00:01:00,00:01:02,loss
Live Chess,Chess.com,2022-12-21,-,SESOIASOLE,chandurohitheee,1/2-1/2,1182,1213,600,20:43:53 PST,Game drawn by stalemate,Nf3-Nc6,64,00:08:43,00:09:49,draw
Live Chess,Chess.com,2022-12-21,-,chandurohitheee,danielomarc748,0-1,1214,1221,600,16:53:35 PST,danielomarc748 won by resignation,e4-e5,60,00:07:14,00:07:44,loss
Live Chess,Chess.com,2022-12-21,-,Maugli106257,chandurohitheee,0-1,1268,1222,600,16:27:30 PST,chandurohitheee won by resignation,d4-e5,19,00:01:39,00:01:23,won
Live Chess,Chess.com,2022-12-21,-,YatoroTS,chandurohitheee,0-1,1146,1213,600,16:24:00 PST,chandurohitheee won by resignation,e4-d5,30,00:02:54,00:02:28,won
Live Chess,Chess.com,2022-12-21,-,chandurohitheee,JoseAlejandroZ,0-1,1206,1275,600,16:17:37 PST,JoseAlejandroZ won by checkmate,e4-c5,18,00:01:55,00:01:05,loss
Live Chess,Chess.com,2022-12-21,-,chandurohitheee,nikolalokin9,1-0,1213,1278,600,16:14:13 PST,chandurohitheee won by checkmate,e4-e5,33,00:03:16,00:03:22,won
Live Chess,Chess.com,2022-12-21,-,chandurohitheee,AHMADHATAMLEH1981,0-1,1203,1258,600,13:23:05 PST,AHMADHATAMLEH1981 won by resignation,e4-e5,1,00:00,00:00:00,loss
Live Chess,Chess.com,2022-12-21,-,najimeking,chandurohitheee,1/2-1/2,1136,1210,600,13:22:30 PST,Game drawn by stalemate,e4-e5,47,00:03:52,00:02:42,draw
Live Chess,Chess.com,2022-12-21,-,tioesmalo,chandurohitheee,0-1,1111,1212,600,13:15:05 PST,chandurohitheee won by resignation,e4-e5,44,00:07:54,00:07:37,won
Live Chess,Chess.com,2022-12-20,-,GeraldoOlimpio,chandurohitheee,1-0,1137,1206,600,9:18:31 PST,GeraldoOlimpio won by resignation,e4-e5,25,00:05:52,00:04:28,loss
Live Chess,Chess.com,2022-12-20,-,chandurohitheee,Paradox1x,1-0,1216,1136,600,9:07:41 PST,chandurohitheee won by resignation,e4-d5,37,00:01:29,00:03:21,won
Live Chess,Chess.com,2022-12-20,-,ankitsp,chandurohitheee,0-1,1186,1209,600,8:35:05 PST,chandurohitheee won - game abandoned,e4-e5,25,00:03:14,00:04:08,won
Live Chess,Chess.com,2022-12-20,-,LaSamaritaine,chandurohitheee,1-0,1145,1201,600,8:24:32 PST,LaSamaritaine won by checkmate,e4-e5,17,00:02:13,00:02:20,loss
Live Chess,Chess.com,2022-12-20,-,alphamimic0,chandurohitheee,1-0,1225,1211,600,7:15:17 PST,alphamimic0 won by checkmate,d4-Nc6,43,00:06:03,00:04:13,loss
Live Chess,Chess.com,2022-12-20,-,chandurohitheee,Snpwale,0-1,1219,1179,600,6:02:48 PST,Snpwale won by checkmate,e4-e5,27,00:03:22,00:05:08,loss
Live Chess,Chess.com,2022-12-19,-,chandurohitheee,alwinu,1-0,1229,1252,600,18:24:35 PST,chandurohitheee won on time,e4-d5,76,00:09:49,00:09:59,won
Live Chess,Chess.com,2022-12-19,-,chandurohitheee,Ricardojaba55,0-1,1219,1287,600,17:32:07 PST,Ricardojaba55 won by checkmate,e4-e5,62,00:06:55,00:05:07,loss
Live Chess,Chess.com,2022-12-19,-,brocollirob2,chandurohitheee,0-1,1327,1227,600,17:19:04 PST,chandurohitheee won - game abandoned,e4-e5,35,00:04:05,00:04:18,won
Live Chess,Chess.com,2022-12-19,-,chandurohitheee,gatemode,0-1,1215,1196,600,17:09:11 PST,gatemode won by checkmate,e4-d6,33,00:03:03,00:02:37,loss
Live Chess,Chess.com,2022-12-19,-,chandurohitheee,cobrajock,0-1,1225,1332,600,16:34:41 PST,cobrajock won by resignation,e4-e6,15,00:01:19,00:01:26,loss
Live Chess,Chess.com,2022-12-19,-,georgiosdimopoulos,chandurohitheee,1-0,1165,1232,600,16:31:35 PST,georgiosdimopoulos won by checkmate,e4-e5,24,00:02:10,00:03:39,loss
Live Chess,Chess.com,2022-12-19,-,chandurohitheee,megaman2007,0-1,1244,1280,600,14:22:15 PST,megaman2007 won by checkmate,e4-c5,15,00:01:34,00:01:07,loss
Live Chess,Chess.com,2022-12-19,-,FarmerSam35,chandurohitheee,0-1,1118,1254,600,14:19:11 PST,chandurohitheee won by checkmate,e4-e5,87,00:09:39,00:06:56,won
Live Chess,Chess.com,2022-12-19,-,chandurohitheee,10minutespeace,1-0,1246,1151,600,14:00:50 PST,chandurohitheee won by resignation,e4-c5,38,00:02:21,00:01:53,won
Live Chess,Chess.com,2022-12-19,-,segol888,chandurohitheee,1-0,1332,1238,600,13:55:46 PST,segol888 won by checkmate,c4-e5,28,00:05:33,00:05:42,loss
Live Chess,Chess.com,2022-12-19,-,oeced,chandurohitheee,0-1,1198,1247,600,13:45:15 PST,chandurohitheee won on time,e4-e5,47,00:05:19,00:09:59,won
Live Chess,Chess.com,2022-12-18,-,chandurohitheee,Igorevich81,1-0,1237,1163,600,9:05:17 PST,chandurohitheee won by resignation,e4-e5,34,00:03:19,00:02:44,won
Live Chess,Chess.com,2022-12-18,-,chandurohitheee,DeepBar2008,1-0,1227,1191,600,8:56:20 PST,chandurohitheee won by checkmate,e4-e5,59,00:08:03,00:08:16,won
Live Chess,Chess.com,2022-12-18,-,bizzoka13pp,chandurohitheee,1-0,1290,1216,600,8:37:50 PST,bizzoka13pp won by resignation,e4-e5,16,00:00:41,00:00:43,loss
Live Chess,Chess.com,2022-12-18,-,muratarslann,chandurohitheee,0-1,1236,1226,600,7:48:34 PST,chandurohitheee won - game abandoned,e4-e5,41,00:07:08,00:03:11,won
Live Chess,Chess.com,2022-12-18,-,chandurohitheee,RockPLV,0-1,1212,1161,600,15:30:14 PST,RockPLV won by checkmate,e4-e5,34,00:09:09,00:03:45,loss
Live Chess,Chess.com,2022-12-18,-,rudy6106rv,chandurohitheee,0-1,1189,1228,600,15:16:24 PST,chandurohitheee won by checkmate,c4-e5,43,00:07:58,00:07:15,won
Live Chess,Chess.com,2022-12-18,-,idkanamex,chandurohitheee,1-0,1230,1215,600,15:00:21 PST,idkanamex won by checkmate,e4-e5,39,00:06:55,00:05:31,loss
Live Chess,Chess.com,2022-12-16,-,chandurohitheee,GetReadyToGetBumped,0-1,1230,1215,600,6:50:15 PST,GetReadyToGetBumped won by checkmate,e4-d5,31,00:04:38,00:04:37,loss
Live Chess,Chess.com,2022-12-16,-,chandurohitheee,GeorgiouJ,1-0,1263,1249,600,13:33:06 PST,chandurohitheee won by resignation,e4-e6,38,00:05:09,00:04:29,won
Live Chess,Chess.com,2022-12-16,-,SamGile,chandurohitheee,0-1,1186,1246,600,13:22:40 PST,chandurohitheee won by resignation,e4-e5,23,00:04:27,00:04:21,won
Live Chess,Chess.com,2022-12-16,-,chandurohitheee,PhaulPhaulPhaul,0-1,1247,1274,600,0:43:33 PST,PhaulPhaulPhaul won by resignation,e4-g6,24,00:02:33,00:03:34,loss
Live Chess,Chess.com,2022-12-15,-,chandurohitheee,8teenDelta,1-0,1231,1149,600,9:40:48 PST,chandurohitheee won by checkmate,e4-d6,33,00:03:27,00:05:37,won
Live Chess,Chess.com,2022-12-15,-,chandurohitheee,077999696055255110,0-1,1216,1218,600,1:32:50 PST,077999696055255110 won by resignation,e4-d5,16,00:01:18,00:01:16,loss
Live Chess,Chess.com,2022-12-15,-,Joao7983,chandurohitheee,1-0,1260,1236,600,1:26:23 PST,Joao7983 won by checkmate,d4-e6,48,00:07:07,00:04:36,loss
Live Chess,Chess.com,2022-12-15,-,Vovs-K,chandurohitheee,0-1,1206,1256,600,1:13:11 PST,chandurohitheee won on time,e4-e5,33,00:04:05,00:04:08,won
Live Chess,Chess.com,2022-12-15,-,alain19650907,chandurohitheee,0-1,1138,1265,600,11:01:37 PST,chandurohitheee won - game abandoned,e4-e5,7,00:00:44,00:00:29,won
Live Chess,Chess.com,2022-12-15,-,namazovvusal,chandurohitheee,1/2-1/2,1196,1247,600,10:58:38 PST,Game drawn by repetition,e4-e5,32,00:05:11,00:05:24,draw
Live Chess,Chess.com,2022-12-15,-,chandurohitheee,msdc,0-1,1251,1291,600,10:47:01 PST,msdc won by checkmate,e4-e5,29,00:03:07,00:04:15,loss
Live Chess,Chess.com,2022-12-15,-,chandurohitheee,Markalus76,0-1,1278,1281,600,10:39:01 PST,Markalus76 won by resignation,e4-c5,12,00:01:38,00:01:34,loss
Live Chess,Chess.com,2022-12-15,-,chandurohitheee,poniran33,1-0,1310,1304,600,10:35:16 PST,chandurohitheee won by resignation,e4-e5,28,00:02:25,00:03:29,won
Live Chess,Chess.com,2022-12-15,-,chandurohitheee,kalMADo_23,0-1,1236,1176,600,0:58:18 PST,kalMADo_23 won by checkmate,e4-e5,25,00:03:49,00:05:47,loss
Live Chess,Chess.com,2022-12-14,-,eu1453,chandurohitheee,1-0,1448,1316,600,9:30:52 PST,eu1453 won by checkmate,e4-e5,54,00:07:40,00:05:40,loss
Live Chess,Chess.com,2022-12-14,-,chandurohitheee,mujobecirovic,1-0,1344,1314,600,9:16:42 PST,chandurohitheee won by resignation,e4-e5,33,00:05:50,00:08:53,won
Live Chess,Chess.com,2022-12-14,-,SAMTEC1969,chandurohitheee,1-0,1353,1297,600,9:01:19 PST,SAMTEC1969 won by checkmate,e4-e5,25,00:03:03,00:03:10,loss
Live Chess,Chess.com,2022-12-14,-,AdjieAnggoro82,chandurohitheee,1-0,1398,1347,600,8:54:38 PST,AdjieAnggoro82 won by checkmate,e4-e5,7,00:00:16,00:00:14,loss
Live Chess,Chess.com,2022-12-14,-,Luis28g,chandurohitheee,1-0,1515,1407,600,8:53:51 PST,Luis28g won by checkmate,e4-e5,14,00:01:29,00:01:51,loss
Live Chess,Chess.com,2022-12-14,-,chandurohitheee,mumtazraaz,1-0,1468,1392,600,8:48:14 PST,chandurohitheee won by resignation,e4-e6,49,00:05:55,00:05:57,won
Live Chess,Chess.com,2022-12-14,-,diegolorrai,chandurohitheee,0-1,1264,1375,600,8:33:12 PST,chandurohitheee won by checkmate,e4-e5,32,00:03:07,00:05:45,won
Live Chess,Chess.com,2022-12-14,-,chandurohitheee,AhmetSafa1907,1-0,1256,1031,600,8:08:34 PST,chandurohitheee won by checkmate,e4-b6,32,00:08:48,00:05:47,won
Live Chess,Chess.com,2022-12-14,-,riteshraj94726,chandurohitheee,1-0,1270,1275,600,10:28:20 PST,riteshraj94726 won by checkmate,d4-d5,42,00:05:41,00:08:32,loss
